ID;Ing;Gen
1;Bajo;Masc
2;Bajo;Masc
3;Bajo;Masc
4;Bajo;Masc
5;Bajo;Masc
6;Bajo;Masc
7;Bajo;Masc
8;Bajo;Masc
9;Bajo;Masc
10;Bajo;Masc
11;Bajo;Masc
12;Bajo;Masc
13;Bajo;Masc
14;Bajo;Masc
15;Bajo;Masc
16;Bajo;Masc
17;Bajo;Masc
18;Bajo;Masc
19;Bajo;Masc
20;Bajo;Masc
21;Bajo;Masc
22;Bajo;Masc
23;Bajo;Masc
24;Bajo;Masc
25;Bajo;Masc
26;Bajo;Masc
27;Bajo;Masc
28;Bajo;Masc
29;Bajo;Masc
30;Bajo;Masc
31;Bajo;Masc
32;Bajo;Masc
33;Bajo;Masc
34;Bajo;Masc
35;Bajo;Masc
36;Bajo;Masc
37;Bajo;Masc
38;Bajo;Masc
39;Bajo;Masc
40;Bajo;Masc
41;Bajo;Masc
42;Bajo;Masc
43;Bajo;Masc
44;Bajo;Masc
45;Bajo;Masc
46;Bajo;Masc
47;Bajo;Masc
48;Bajo;Masc
49;Bajo;Masc
50;Bajo;Masc
51;Bajo;Masc
52;Bajo;Masc
53;Bajo;Masc
54;Bajo;Masc
55;Bajo;Masc
56;Bajo;Masc
57;Bajo;Masc
58;Bajo;Masc
59;Bajo;Masc
60;Bajo;Masc
61;Bajo;Masc
62;Bajo;Masc
63;Bajo;Masc
64;Bajo;Masc
65;Bajo;Masc
66;Bajo;Masc
67;Bajo;Masc
68;Bajo;Masc
69;Bajo;Masc
70;Bajo;Masc
71;Bajo;Masc
72;Bajo;Masc
73;Bajo;Masc
74;Bajo;Masc
75;Bajo;Masc
76;Bajo;Masc
77;Bajo;Masc
78;Bajo;Masc
79;Bajo;Masc
80;Bajo;Masc
81;Bajo;Masc
82;Bajo;Masc
83;Bajo;Masc
84;Bajo;Masc
85;Bajo;Masc
86;Bajo;Masc
87;Bajo;Masc
88;Bajo;Masc
89;Bajo;Masc
90;Bajo;Masc
91;Bajo;Masc
92;Bajo;Masc
93;Bajo;Masc
94;Bajo;Masc
95;Bajo;Masc
96;Bajo;Masc
97;Bajo;Masc
98;Bajo;Masc
99;Bajo;Masc
100;Bajo;Masc
101;Bajo;Masc
102;Bajo;Masc
103;Bajo;Masc
104;Bajo;Masc
105;Bajo;Masc
106;Bajo;Masc
107;Bajo;Masc
108;Bajo;Masc
109;Bajo;Masc
110;Bajo;Masc
111;Bajo;Masc
112;Bajo;Masc
113;Bajo;Masc
114;Bajo;Masc
115;Bajo;Masc
116;Bajo;Masc
117;Bajo;Masc
118;Bajo;Masc
119;Bajo;Masc
120;Bajo;Masc
121;Bajo;Masc
122;Bajo;Masc
123;Bajo;Masc
124;Bajo;Masc
125;Bajo;Masc
126;Bajo;Masc
127;Bajo;Masc
128;Bajo;Masc
129;Bajo;Masc
130;Bajo;Masc
131;Bajo;Masc
132;Bajo;Masc
133;Bajo;Masc
134;Bajo;Masc
135;Bajo;Masc
136;Bajo;Masc
137;Bajo;Masc
138;Bajo;Masc
139;Bajo;Masc
140;Bajo;Masc
141;Bajo;Masc
142;Bajo;Masc
143;Bajo;Masc
144;Bajo;Masc
145;Bajo;Masc
146;Bajo;Masc
147;Bajo;Masc
148;Bajo;Masc
149;Bajo;Masc
150;Bajo;Masc
151;Bajo;Masc
152;Bajo;Masc
153;Bajo;Masc
154;Bajo;Masc
155;Bajo;Masc
156;Bajo;Masc
157;Bajo;Masc
158;Bajo;Masc
159;Bajo;Masc
160;Bajo;Masc
161;Bajo;Masc
162;Bajo;Masc
163;Bajo;Masc
164;Bajo;Masc
165;Bajo;Masc
166;Bajo;Masc
167;Bajo;Masc
168;Bajo;Masc
169;Bajo;Masc
170;Bajo;Masc
171;Bajo;Masc
172;Bajo;Masc
173;Bajo;Masc
174;Bajo;Masc
175;Bajo;Masc
176;Bajo;Masc
177;Bajo;Masc
178;Bajo;Masc
179;Bajo;Masc
180;Bajo;Masc
181;Bajo;Masc
182;Bajo;Masc
183;Medio;Masc
184;Medio;Masc
185;Medio;Masc
186;Medio;Masc
187;Medio;Masc
188;Medio;Masc
189;Medio;Masc
190;Medio;Masc
191;Medio;Masc
192;Medio;Masc
193;Medio;Masc
194;Medio;Masc
195;Medio;Masc
196;Medio;Masc
197;Medio;Masc
198;Medio;Masc
199;Medio;Masc
200;Medio;Masc
201;Medio;Masc
202;Medio;Masc
203;Medio;Masc
204;Medio;Masc
205;Medio;Masc
206;Medio;Masc
207;Medio;Masc
208;Medio;Masc
209;Medio;Masc
210;Medio;Masc
211;Medio;Masc
212;Medio;Masc
213;Medio;Masc
214;Medio;Masc
215;Medio;Masc
216;Medio;Masc
217;Medio;Masc
218;Medio;Masc
219;Medio;Masc
220;Medio;Masc
221;Medio;Masc
222;Medio;Masc
223;Medio;Masc
224;Medio;Masc
225;Medio;Masc
226;Medio;Masc
227;Medio;Masc
228;Medio;Masc
229;Medio;Masc
230;Medio;Masc
231;Medio;Masc
232;Medio;Masc
233;Medio;Masc
234;Medio;Masc
235;Medio;Masc
236;Medio;Masc
237;Medio;Masc
238;Medio;Masc
239;Medio;Masc
240;Medio;Masc
241;Medio;Masc
242;Medio;Masc
243;Medio;Masc
244;Medio;Masc
245;Medio;Masc
246;Medio;Masc
247;Medio;Masc
248;Medio;Masc
249;Medio;Masc
250;Medio;Masc
251;Medio;Masc
252;Medio;Masc
253;Medio;Masc
254;Medio;Masc
255;Medio;Masc
256;Medio;Masc
257;Medio;Masc
258;Medio;Masc
259;Medio;Masc
260;Medio;Masc
261;Medio;Masc
262;Medio;Masc
263;Medio;Masc
264;Medio;Masc
265;Medio;Masc
266;Medio;Masc
267;Medio;Masc
268;Medio;Masc
269;Medio;Masc
270;Medio;Masc
271;Medio;Masc
272;Medio;Masc
273;Medio;Masc
274;Medio;Masc
275;Medio;Masc
276;Medio;Masc
277;Medio;Masc
278;Medio;Masc
279;Medio;Masc
280;Medio;Masc
281;Medio;Masc
282;Medio;Masc
283;Medio;Masc
284;Medio;Masc
285;Medio;Masc
286;Medio;Masc
287;Medio;Masc
288;Medio;Masc
289;Medio;Masc
290;Medio;Masc
291;Medio;Masc
292;Medio;Masc
293;Medio;Masc
294;Medio;Masc
295;Medio;Masc
296;Medio;Masc
297;Medio;Masc
298;Medio;Masc
299;Medio;Masc
300;Medio;Masc
301;Medio;Masc
302;Medio;Masc
303;Medio;Masc
304;Medio;Masc
305;Medio;Masc
306;Medio;Masc
307;Medio;Masc
308;Medio;Masc
309;Medio;Masc
310;Medio;Masc
311;Medio;Masc
312;Medio;Masc
313;Medio;Masc
314;Medio;Masc
315;Medio;Masc
316;Medio;Masc
317;Medio;Masc
318;Medio;Masc
319;Medio;Masc
320;Medio;Masc
321;Medio;Masc
322;Medio;Masc
323;Medio;Masc
324;Medio;Masc
325;Medio;Masc
326;Medio;Masc
327;Medio;Masc
328;Medio;Masc
329;Medio;Masc
330;Medio;Masc
331;Medio;Masc
332;Medio;Masc
333;Medio;Masc
334;Medio;Masc
335;Medio;Masc
336;Medio;Masc
337;Medio;Masc
338;Medio;Masc
339;Medio;Masc
340;Medio;Masc
341;Medio;Masc
342;Medio;Masc
343;Medio;Masc
344;Medio;Masc
345;Medio;Masc
346;Medio;Masc
347;Medio;Masc
348;Medio;Masc
349;Medio;Masc
350;Medio;Masc
351;Medio;Masc
352;Medio;Masc
353;Medio;Masc
354;Medio;Masc
355;Medio;Masc
356;Medio;Masc
357;Medio;Masc
358;Medio;Masc
359;Medio;Masc
360;Medio;Masc
361;Medio;Masc
362;Medio;Masc
363;Medio;Masc
364;Medio;Masc
365;Medio;Masc
366;Medio;Masc
367;Medio;Masc
368;Medio;Masc
369;Medio;Masc
370;Medio;Masc
371;Medio;Masc
372;Medio;Masc
373;Medio;Masc
374;Medio;Masc
375;Medio;Masc
376;Medio;Masc
377;Medio;Masc
378;Medio;Masc
379;Medio;Masc
380;Medio;Masc
381;Medio;Masc
382;Medio;Masc
383;Medio;Masc
384;Medio;Masc
385;Medio;Masc
386;Medio;Masc
387;Medio;Masc
388;Medio;Masc
389;Medio;Masc
390;Medio;Masc
391;Medio;Masc
392;Medio;Masc
393;Medio;Masc
394;Medio;Masc
395;Medio;Masc
396;Alto;Masc
397;Alto;Masc
398;Alto;Masc
399;Alto;Masc
400;Alto;Masc
401;Alto;Masc
402;Alto;Masc
403;Alto;Masc
404;Alto;Masc
405;Alto;Masc
406;Alto;Masc
407;Alto;Masc
408;Alto;Masc
409;Alto;Masc
410;Alto;Masc
411;Alto;Masc
412;Alto;Masc
413;Alto;Masc
414;Alto;Masc
415;Alto;Masc
416;Alto;Masc
417;Alto;Masc
418;Alto;Masc
419;Alto;Masc
420;Alto;Masc
421;Alto;Masc
422;Alto;Masc
423;Alto;Masc
424;Alto;Masc
425;Alto;Masc
426;Alto;Masc
427;Alto;Masc
428;Alto;Masc
429;Alto;Masc
430;Alto;Masc
431;Alto;Masc
432;Alto;Masc
433;Alto;Masc
434;Alto;Masc
435;Alto;Masc
436;Alto;Masc
437;Alto;Masc
438;Alto;Masc
439;Alto;Masc
440;Alto;Masc
441;Alto;Masc
442;Alto;Masc
443;Alto;Masc
444;Alto;Masc
445;Alto;Masc
446;Alto;Masc
447;Alto;Masc
448;Alto;Masc
449;Alto;Masc
450;Alto;Masc
451;Alto;Masc
452;Alto;Masc
453;Alto;Masc
454;Alto;Masc
455;Alto;Masc
456;Alto;Masc
457;Alto;Masc
458;Alto;Masc
459;Alto;Masc
460;Alto;Masc
461;Alto;Masc
462;Alto;Masc
463;Alto;Masc
464;Alto;Masc
465;Alto;Masc
466;Alto;Masc
467;Alto;Masc
468;Alto;Masc
469;Alto;Masc
470;Alto;Masc
471;Alto;Masc
472;Alto;Masc
473;Alto;Masc
474;Alto;Masc
475;Alto;Masc
476;Alto;Masc
477;Alto;Masc
478;Alto;Masc
479;Alto;Masc
480;Alto;Masc
481;Alto;Masc
482;Alto;Masc
483;Alto;Masc
484;Alto;Masc
485;Alto;Masc
486;Alto;Masc
487;Alto;Masc
488;Alto;Masc
489;Alto;Masc
490;Alto;Masc
491;Alto;Masc
492;Alto;Masc
493;Alto;Masc
494;Alto;Masc
495;Alto;Masc
496;Alto;Masc
497;Alto;Masc
498;Alto;Masc
499;Alto;Masc
500;Alto;Masc
501;Alto;Masc
502;Alto;Masc
503;Alto;Masc
504;Alto;Masc
505;Alto;Masc
506;Alto;Masc
507;Alto;Masc
508;Alto;Masc
509;Alto;Masc
510;Alto;Masc
511;Alto;Masc
512;Alto;Masc
513;Alto;Masc
514;Alto;Masc
515;Alto;Masc
516;Alto;Masc
517;Alto;Masc
518;Alto;Masc
519;Alto;Masc
520;Alto;Masc
521;Alto;Masc
522;Alto;Masc
523;Alto;Masc
524;Alto;Masc
525;Alto;Masc
526;Alto;Masc
527;Alto;Masc
528;Alto;Masc
529;Alto;Masc
530;Alto;Masc
531;Alto;Masc
532;Alto;Masc
533;Alto;Masc
534;Alto;Masc
535;Alto;Masc
536;Alto;Masc
537;Alto;Masc
538;Alto;Masc
539;Alto;Masc
540;Alto;Masc
541;Alto;Masc
542;Alto;Masc
543;Alto;Masc
544;Alto;Masc
545;Alto;Masc
546;Alto;Masc
547;Alto;Masc
548;Alto;Masc
549;Alto;Masc
550;Alto;Masc
551;Alto;Masc
552;Alto;Masc
553;Alto;Masc
554;Alto;Masc
555;Alto;Masc
556;Alto;Masc
557;Alto;Masc
558;Alto;Masc
559;Alto;Masc
560;Alto;Masc
561;Alto;Masc
562;Alto;Masc
563;Alto;Masc
564;Alto;Masc
565;Alto;Masc
566;Alto;Masc
567;Alto;Masc
568;Alto;Masc
569;Alto;Masc
570;Alto;Masc
571;Alto;Masc
572;Alto;Masc
573;Alto;Masc
574;Alto;Masc
575;Alto;Masc
576;Alto;Masc
577;Alto;Masc
578;Alto;Masc
579;Alto;Masc
580;Alto;Masc
581;Alto;Masc
582;Alto;Masc
583;Alto;Masc
584;Alto;Masc
585;Alto;Masc
586;Alto;Masc
587;Alto;Masc
588;Alto;Masc
589;Alto;Masc
590;Alto;Masc
591;Alto;Masc
592;Alto;Masc
593;Alto;Masc
594;Alto;Masc
595;Alto;Masc
596;Alto;Masc
597;Alto;Masc
598;Alto;Masc
599;Bajo;Fem
600;Bajo;Fem
601;Bajo;Fem
602;Bajo;Fem
603;Bajo;Fem
604;Bajo;Fem
605;Bajo;Fem
606;Bajo;Fem
607;Bajo;Fem
608;Bajo;Fem
609;Bajo;Fem
610;Bajo;Fem
611;Bajo;Fem
612;Bajo;Fem
613;Bajo;Fem
614;Bajo;Fem
615;Bajo;Fem
616;Bajo;Fem
617;Bajo;Fem
618;Bajo;Fem
619;Bajo;Fem
620;Bajo;Fem
621;Bajo;Fem
622;Bajo;Fem
623;Bajo;Fem
624;Bajo;Fem
625;Bajo;Fem
626;Bajo;Fem
627;Bajo;Fem
628;Bajo;Fem
629;Bajo;Fem
630;Bajo;Fem
631;Bajo;Fem
632;Bajo;Fem
633;Bajo;Fem
634;Bajo;Fem
635;Bajo;Fem
636;Bajo;Fem
637;Bajo;Fem
638;Bajo;Fem
639;Bajo;Fem
640;Bajo;Fem
641;Bajo;Fem
642;Bajo;Fem
643;Bajo;Fem
644;Bajo;Fem
645;Bajo;Fem
646;Bajo;Fem
647;Bajo;Fem
648;Bajo;Fem
649;Bajo;Fem
650;Bajo;Fem
651;Bajo;Fem
652;Bajo;Fem
653;Bajo;Fem
654;Bajo;Fem
655;Bajo;Fem
656;Bajo;Fem
657;Bajo;Fem
658;Bajo;Fem
659;Bajo;Fem
660;Bajo;Fem
661;Bajo;Fem
662;Bajo;Fem
663;Bajo;Fem
664;Bajo;Fem
665;Bajo;Fem
666;Bajo;Fem
667;Bajo;Fem
668;Bajo;Fem
669;Bajo;Fem
670;Bajo;Fem
671;Bajo;Fem
672;Bajo;Fem
673;Bajo;Fem
674;Bajo;Fem
675;Bajo;Fem
676;Bajo;Fem
677;Bajo;Fem
678;Bajo;Fem
679;Bajo;Fem
680;Bajo;Fem
681;Bajo;Fem
682;Bajo;Fem
683;Bajo;Fem
684;Bajo;Fem
685;Bajo;Fem
686;Bajo;Fem
687;Bajo;Fem
688;Bajo;Fem
689;Bajo;Fem
690;Bajo;Fem
691;Bajo;Fem
692;Bajo;Fem
693;Bajo;Fem
694;Bajo;Fem
695;Bajo;Fem
696;Bajo;Fem
697;Bajo;Fem
698;Bajo;Fem
699;Bajo;Fem
700;Bajo;Fem
701;Bajo;Fem
702;Bajo;Fem
703;Bajo;Fem
704;Bajo;Fem
705;Bajo;Fem
706;Bajo;Fem
707;Bajo;Fem
708;Bajo;Fem
709;Bajo;Fem
710;Bajo;Fem
711;Bajo;Fem
712;Bajo;Fem
713;Bajo;Fem
714;Bajo;Fem
715;Bajo;Fem
716;Bajo;Fem
717;Bajo;Fem
718;Bajo;Fem
719;Bajo;Fem
720;Bajo;Fem
721;Bajo;Fem
722;Bajo;Fem
723;Bajo;Fem
724;Bajo;Fem
725;Bajo;Fem
726;Bajo;Fem
727;Bajo;Fem
728;Bajo;Fem
729;Bajo;Fem
730;Bajo;Fem
731;Bajo;Fem
732;Bajo;Fem
733;Bajo;Fem
734;Bajo;Fem
735;Bajo;Fem
736;Bajo;Fem
737;Bajo;Fem
738;Bajo;Fem
739;Bajo;Fem
740;Bajo;Fem
741;Bajo;Fem
742;Bajo;Fem
743;Bajo;Fem
744;Bajo;Fem
745;Bajo;Fem
746;Bajo;Fem
747;Bajo;Fem
748;Bajo;Fem
749;Bajo;Fem
750;Bajo;Fem
751;Bajo;Fem
752;Bajo;Fem
753;Medio;Fem
754;Medio;Fem
755;Medio;Fem
756;Medio;Fem
757;Medio;Fem
758;Medio;Fem
759;Medio;Fem
760;Medio;Fem
761;Medio;Fem
762;Medio;Fem
763;Medio;Fem
764;Medio;Fem
765;Medio;Fem
766;Medio;Fem
767;Medio;Fem
768;Medio;Fem
769;Medio;Fem
770;Medio;Fem
771;Medio;Fem
772;Medio;Fem
773;Medio;Fem
774;Medio;Fem
775;Medio;Fem
776;Medio;Fem
777;Medio;Fem
778;Medio;Fem
779;Medio;Fem
780;Medio;Fem
781;Medio;Fem
782;Medio;Fem
783;Medio;Fem
784;Medio;Fem
785;Medio;Fem
786;Medio;Fem
787;Medio;Fem
788;Medio;Fem
789;Medio;Fem
790;Medio;Fem
791;Medio;Fem
792;Medio;Fem
793;Medio;Fem
794;Medio;Fem
795;Medio;Fem
796;Medio;Fem
797;Medio;Fem
798;Medio;Fem
799;Medio;Fem
800;Medio;Fem
801;Medio;Fem
802;Medio;Fem
803;Medio;Fem
804;Medio;Fem
805;Medio;Fem
806;Medio;Fem
807;Medio;Fem
808;Medio;Fem
809;Medio;Fem
810;Medio;Fem
811;Medio;Fem
812;Medio;Fem
813;Medio;Fem
814;Medio;Fem
815;Medio;Fem
816;Medio;Fem
817;Medio;Fem
818;Medio;Fem
819;Medio;Fem
820;Medio;Fem
821;Medio;Fem
822;Medio;Fem
823;Medio;Fem
824;Medio;Fem
825;Medio;Fem
826;Medio;Fem
827;Medio;Fem
828;Medio;Fem
829;Medio;Fem
830;Medio;Fem
831;Medio;Fem
832;Medio;Fem
833;Medio;Fem
834;Medio;Fem
835;Medio;Fem
836;Medio;Fem
837;Medio;Fem
838;Medio;Fem
839;Medio;Fem
840;Medio;Fem
841;Medio;Fem
842;Medio;Fem
843;Medio;Fem
844;Medio;Fem
845;Medio;Fem
846;Medio;Fem
847;Medio;Fem
848;Medio;Fem
849;Medio;Fem
850;Medio;Fem
851;Medio;Fem
852;Medio;Fem
853;Medio;Fem
854;Medio;Fem
855;Medio;Fem
856;Medio;Fem
857;Medio;Fem
858;Medio;Fem
859;Medio;Fem
860;Medio;Fem
861;Medio;Fem
862;Medio;Fem
863;Medio;Fem
864;Medio;Fem
865;Medio;Fem
866;Medio;Fem
867;Medio;Fem
868;Medio;Fem
869;Medio;Fem
870;Medio;Fem
871;Medio;Fem
872;Medio;Fem
873;Medio;Fem
874;Medio;Fem
875;Medio;Fem
876;Medio;Fem
877;Medio;Fem
878;Medio;Fem
879;Medio;Fem
880;Medio;Fem
881;Medio;Fem
882;Medio;Fem
883;Medio;Fem
884;Medio;Fem
885;Medio;Fem
886;Medio;Fem
887;Medio;Fem
888;Medio;Fem
889;Medio;Fem
890;Medio;Fem
891;Alto;Fem
892;Alto;Fem
893;Alto;Fem
894;Alto;Fem
895;Alto;Fem
896;Alto;Fem
897;Alto;Fem
898;Alto;Fem
899;Alto;Fem
900;Alto;Fem
901;Alto;Fem
902;Alto;Fem
903;Alto;Fem
904;Alto;Fem
905;Alto;Fem
906;Alto;Fem
907;Alto;Fem
908;Alto;Fem
909;Alto;Fem
910;Alto;Fem
911;Alto;Fem
912;Alto;Fem
913;Alto;Fem
914;Alto;Fem
915;Alto;Fem
916;Alto;Fem
917;Alto;Fem
918;Alto;Fem
919;Alto;Fem
920;Alto;Fem
921;Alto;Fem
922;Alto;Fem
923;Alto;Fem
924;Alto;Fem
925;Alto;Fem
926;Alto;Fem
927;Alto;Fem
928;Alto;Fem
929;Alto;Fem
930;Alto;Fem
931;Alto;Fem
932;Alto;Fem
933;Alto;Fem
934;Alto;Fem
935;Alto;Fem
936;Alto;Fem
937;Alto;Fem
938;Alto;Fem
939;Alto;Fem
940;Alto;Fem
941;Alto;Fem
942;Alto;Fem
943;Alto;Fem
944;Alto;Fem
945;Alto;Fem
946;Alto;Fem
947;Alto;Fem
948;Alto;Fem
949;Alto;Fem
950;Alto;Fem
951;Alto;Fem
952;Alto;Fem
953;Alto;Fem
954;Alto;Fem
955;Alto;Fem
956;Alto;Fem
957;Alto;Fem
958;Alto;Fem
959;Alto;Fem
960;Alto;Fem
961;Alto;Fem
962;Alto;Fem
963;Alto;Fem
964;Alto;Fem
965;Alto;Fem
966;Alto;Fem
967;Alto;Fem
968;Alto;Fem
969;Alto;Fem
970;Alto;Fem
971;Alto;Fem
972;Alto;Fem
973;Alto;Fem
974;Alto;Fem
975;Alto;Fem
976;Alto;Fem
977;Alto;Fem
978;Alto;Fem
979;Alto;Fem
980;Alto;Fem
981;Alto;Fem
982;Alto;Fem
983;Alto;Fem
984;Alto;Fem
985;Alto;Fem
986;Alto;Fem
987;Alto;Fem
988;Alto;Fem
989;Alto;Fem
990;Alto;Fem
991;Alto;Fem
992;Alto;Fem
993;Alto;Fem
994;Alto;Fem
995;Alto;Fem
996;Alto;Fem
997;Alto;Fem
998;Alto;Fem
999;Alto;Fem
1000;Alto;Fem